{
    "ID": 0.06467154622077942,
    "LIMIT_BAL": 0.07284698635339737,
    "SEX": 0.06728023290634155,
    "EDUCATION": 0.07583947479724884,
    "MARRIAGE": 0.07333260774612427,
    "AGE": 0.067725770175457,
    "PAY_0": 0.07525470107793808,
    "PAY_2": 0.06327129155397415,
    "PAY_3": 0.06675033271312714,
    "PAY_4": 0.08639625459909439,
    "PAY_5": 0.07912641018629074,
    "PAY_6": 0.07706847041845322,
    "BILL_AMT1": 0.07863803952932358,
    "BILL_AMT2": 0.07140984386205673,
    "BILL_AMT3": 0.07296385616064072,
    "BILL_AMT4": 0.07388211041688919,
    "BILL_AMT5": 0.07115864008665085,
    "BILL_AMT6": 0.06406016647815704,
    "PAY_AMT1": 0.06796525418758392,
    "PAY_AMT2": 0.0853319764137268,
    "PAY_AMT3": 0.06687764823436737,
    "PAY_AMT4": 0.08240938931703568,
    "PAY_AMT5": 0.06563428044319153,
    "PAY_AMT6": 0.07014559209346771
}